"package","n_cells","median","q1","q3","min_time","max_time","mem_alloc","n_itr"
"zellkonverter (R)",100,0.181060021161102,0.177848000079393,0.19199159211712,0.174635978997685,0.202923163073137,7203416,3
"zellkonverter (R)",1000,0.193401513970457,0.191935545473825,0.208789283991791,0.190469576977193,0.224177054013126,46809656,3
"zellkonverter (R)",10000,1.40210654307157,1.16454323456855,1.43213034956716,0.926979926065542,1.46215415606275,445167456,3
"zellkonverter (R)",1e+05,5.61415875412058,5.47147977160057,5.62993304012343,5.32880078908056,5.64570732612628,5630323320,3
"zellkonverter (R)",250000,15.7436274960637,14.8125768675818,15.8119083676138,13.8815262390999,15.8801892391639,14071839680,3
"zellkonverter (R)",5e+05,32.9146649950417,32.8682275030296,34.1288161050179,32.8217900110176,35.3429672149941,28145719896,3
