"package","n_cells","median","q1","q3","min_time","max_time","mem_alloc","n_itr"
"anndataR",100,0.25031035207212,0.244904817605857,0.473960603587329,0.239499283139594,0.697610855102539,74553344,3
"anndataR",1000,1.11027992807794,1.03748823161004,1.56482530204812,0.964696535142139,2.0193706760183,695416280,3
"anndataR",10000,6.35919169604313,6.2791806680616,6.8800750815426,6.19916964008007,7.40095846704207,6959496928,3
"anndataR",1e+05,7.89323425805196,7.85706013411982,7.98220075055724,7.82088601018768,8.07116724306252,6846965504,3
"anndataR",250000,20.8455174210249,20.7814180400455,21.1044981440064,20.7173186590662,21.3634788669879,17104369000,3
"anndataR",5e+05,47.3790949500399,46.6074093130883,47.6588372440892,45.8357236761367,47.9385795381386,34205366504,3
