"package","n_cells","median","q1","q3","min_time","max_time","mem_alloc","n_itr"
"zellkonverter (Python)",100,0.149867112049833,0.140436822548509,0.157106407306856,0.130740104010329,0.16023014311213,6254752,4
"zellkonverter (Python)",1000,0.155225425027311,0.150079849292524,0.16172746650409,0.146291909040883,0.169584803981707,45854128,4
"zellkonverter (Python)",10000,1.090387483011,0.85616475250572,1.2922881245031,0.621942022000439,1.4941887659952,442567888,3
"zellkonverter (Python)",1e+05,4.46163542894647,4.44898756447947,4.60477915796218,4.43633970001247,4.7479228869779,3209747352,3
"zellkonverter (Python)",250000,11.4213411780074,11.376121799578,11.7274159180233,11.3309024211485,12.0334906580392,8020076832,3
"zellkonverter (Python)",5e+05,25.9736780748935,25.8454299859004,26.0226420804393,25.7171818969073,26.071606085985,16034173936,3
