"package","n_cells","median","q1","q3","min_time","max_time","mem_alloc","n_itr"
"schard",100,0.0727958208881319,0.0716968644410372,0.0747235014569014,0.0706645330647007,0.0936737249139696,8750560,7
"schard",1000,0.135187188046984,0.133274229301605,0.136851037299493,0.129433816066012,0.139944122056477,62851104,4
"schard",10000,1.24874315306079,1.24109134811442,1.25024163955823,1.23343954316806,1.25174012605567,604360920,3
"schard",1e+05,10.6774251870811,10.5186124856118,10.9155902575585,10.3597997841425,11.1537553280359,7214717152,3
"schard",250000,27.9291922841221,27.9209092230885,28.3960216751439,27.9126261620549,28.8628510661656,18033159056,3
"schard",5e+05,61.057480268064,60.3481689390028,62.439339747536,59.6388576099416,63.821199227008,36056207536,3
